domain,count
fonts.googleapis.com,23
www.googletagmanager.com,57
fonts.gstatic.com,25
weblications.guj.de,2
app.usercentrics.eu,23
img.sixt.com,1
eum.instana.io,1
cdn.sixt.io,1
www.sixt.com,1
cdn3.optimizely.com,2
a8220014372.cdn.optimizely.com,1
logx.optimizely.com,3
api.usercentrics.eu,23
eum-eu-west-1.instana.io,1
www.google-analytics.com,26
web-api.orange.sixt.com,1
35ax3z5b4g.kameleoon.eu,1
oe-static.de,1
wipe.de,1
oertliche.h5v.eu,1
cdn.consentmanager.mgr.consensu.org,5
oe.wwa.wipe.de,1
c.delivery.consentmanager.net,2
cdn.consentmanager.net,9
confiant-integrations.global.ssl.fastly.net,3
delivery.consentmanager.net,7
consent.cookiebot.eu,1
consentcdn.cookiebot.eu,1
www.fr.de,1
idcdn.de,3
data-f1e447fbcf.fr.de,1
cl.k5a.io,6
cdn.opencmp.net,5
cdntrf.com,4
datawrapper.dwcdn.net,3
static.dwcdn.net,3
contributor.google.com,1
stats.datawrapper.de,3
,7
fundingchoicesmessages.google.com,1
d2wu036mkcz52n.cloudfront.net,5
vmrz0088.vm.rub.de,1
assets.oneweb.mercedes-benz.com,1
userlike-cdn-widgets.s3-eu-west-1.amazonaws.com,1
s.go-mpulse.net,4
api.oneweb.mercedes-benz.com,1
test.api.oneweb.mercedes-benz.com,1
aggregator.service.usercentrics.eu,14
i18n.oneweb.mercedes-benz.com,1
graphql.usercentrics.eu,21
fast.fonts.net,2
cdn1.readspeaker.com,1
script.ioam.de,14
a.bf-ad.net,3
images.bstatic.de,1
a.bf-tools.net,3
api.permutive.com,3
web-vitals.bfops.io,2
ampcid.google.com,2
ampcid.google.de,2
cdn0.scrvt.com,1
api.scrivito.com,1
uct.service.usercentrics.eu,9
siteimproveanalytics.com,2
33476.global.siteimproveanalytics.io,1
de.hpage.com,1
pagead2.googlesyndication.com,9
googleads.g.doubleclick.net,11
partner.googleadservices.com,3
adservice.google.de,4
adservice.google.com,5
stats.g.doubleclick.net,10
www.google.com,15
www.google.de,7
tpc.googlesyndication.com,3
www.googletagservices.com,4
rtb.fr.eu.criteo.com,1
ads.eu.criteo.com,1
static.criteo.net,3
m.exactag.com,1
cat.nl.eu.criteo.com,1
www.gstatic.com,10
cdnjs.cloudflare.com,15
pix.eu.criteo.net,1
csm.eu.criteo.net,1
assets.adobedtm.com,6
component.prod.an-cms.com,1
images.noz-mhn.de,1
player.3qsdn.com,1
playout.3qsdn.com,2
browser-update.org,1
sdn-global-prog-cache.3qsdn.com,1
nexxtv-events.servicebus.windows.net,1
cdn.privacy-mgmt.com,16
www.noz-cdn.de,1
a.delivery.consentmanager.net,2
www.pharmatechnik.de,1
maps.googleapis.com,1
th-koeln.de,1
www.th-koeln.de,1
static.etracker.com,5
use.typekit.net,3
www.etracker.de,7
code.etracker.com,8
p.typekit.net,3
consent.cookiebot.com,11
z9q9kj37oy.kameleoon.eu,1
consentcdn.cookiebot.com,11
eu-api-tracker.kameleoon.eu,3
storage.kameleoon.com,1
recommendations.lidl-shop.com,1
assets.deutschlandfunk.de,1
tag.aticdn.net,3
logs1409.xiti.com,1
5a38763d.de.ioam.de,1
new.siemens.com,1
www.siemens.com,1
w3.siemens.com,1
client.rum.us-east-1.amazonaws.com,1
prod.ste.dc.siemens.com,1
geolocation.onetrust.com,6
cognito-identity.eu-west-1.amazonaws.com,1
api.dc.siemens.com,1
sts.eu-west-1.amazonaws.com,1
assets.new.siemens.com,1
cdn.lightwidget.com,1
cdn1-s-ha-e18.mdhcdn.com,1
cdn1-s-ha-e15.mdhcdn.com,1
cdn1-l-ha-e11.mdhcdn.com,1
cdn1-s-ha-e17t.mdhcdn.com,1
atlas.atsptp.com,1
hw-cdn2.adtng.com,1
region1.google-analytics.com,4
sync.atsptp.com,1
sync_events.atsptp.com,1
assets.pinterest.com,1
cdns.yieldscale.com,1
zen.burdahome.de,1
cockpit.symplr.de,1
unpkg.com,6
d2528hoa8g0iaj.cloudfront.net,2
static.cleverpush.com,5
content.cptrack.de,1
ajax.googleapis.com,8
www.wilhelm-tel.de,1
va.wilhelm-tel.de,1
static.o9.de,1
app.eu.usercentrics.eu,1
library.telefonica.de,1
static-v2.trbo.com,1
static2.o9.de,1
api-v4.trbo.com,1
config.eu.usercentrics.eu,1
o2-music-cms-a.preprod.ava-digi.de,1
static.trbo.com,1
aggregator.eu.usercentrics.eu,1
api.eu.usercentrics.eu,1
cloud.typenetwork.com,1
www.goethe-university-frankfurt.de,1
d.delivery.consentmanager.net,1
jobstimme.regio-power.de,1
apis.google.com,2
piwik.itzbund.de,1
js.hs-scripts.com,1
js.hs-banner.com,2
js.hsadspixel.net,2
js.hscollectedforms.net,1
js.usemessages.com,1
js.hs-analytics.net,2
api.hubspot.com,1
api.hubapi.com,2
track.hubspot.com,2
forms.hubspot.com,2
connect.facebook.net,5
snap.licdn.com,3
cdn.trackjs.com,1
cdn.livechatinc.com,1
cdn.requestmetrics.com,1
api.livechatinc.com,1
static.hotjar.com,1
www.rvty.net,1
script.hotjar.com,1
brain.rvty.net,1
vars.hotjar.com,1
www.facebook.com,4
eu-u.openx.net,1
cm.g.doubleclick.net,4
ad.yieldlab.net,2
ih.adscale.de,2
s3-eu-west-1.amazonaws.com,1
api-fra.livechatinc.com,1
secure-fra.livechatinc.com,1
accounts.livechatinc.com,1
usage.trackjs.com,1
in.requestmetrics.com,1
www.dsi.net,1
a.omappapi.com,1
cdn2.hubspot.net,1
code.jquery.com,3
no-cache.hubspot.com,1
media.twiliocdn.com,1
maxcdn.bootstrapcdn.com,2
cdn.jsdelivr.net,3
685080.fs1.hubspotusercontent-na1.net,1
2859364.fs1.hubspotusercontent-na1.net,1
api.omappapi.com,1
11023770.fls.doubleclick.net,1
js.hsleadflows.net,1
app.hubspot.com,1
cta-service-cms2.hubspot.com,1
perf.hsforms.com,1
www.googleadservices.com,4
www.oberberg.net,1
files.upscore.com,1
hit-pool.upscore.com,1
gdpr-tcfv2.sp-prod.net,3
ups.xplosion.de,2
s.pinimg.com,2
cdn.xplosion.de,2
spl.zeotap.com,1
ct.pinterest.com,1
www.tu.berlin,1
www.static.tu.berlin,1
code.freent.de,1
static.chartbeat.com,2
cdn.stroeerdigitalgroup.de,1
scdn.cxense.com,1
mab.chartbeat.com,2
ping.chartbeat.net,2
cse.google.com,2
www.telekom.de,1
ebs02.telekom.de,1
ebs01.telekom.de,1
widgets.trustedshops.com,5
s1.adform.net,1
tags-eu.tiqcdn.com,1
ebs10.telekom.de,1
pix.telekom.de,1
fbc.wcfbc.net,1
try.abtasty.com,1
responder.wt-safetag.com,4
www.wdr.de,1
www1.wdr.de,1
kinder.wdr.de,1
3401e7a3.de.ioam.de,1
www.basecamp.digital,1
cdn.muenchen-p.de,1
first-colo.net,1
collect.data.diva-e.com,1
bat.bing.com,3
mc.yandex.ru,1
px.ads.linkedin.com,2
mc.yandex.com,1
www.clarity.ms,3
c.clarity.ms,2
c.bing.com,2
b.clarity.ms,3
lehreronline.adspirit.de,1
cdn.adspirit.de,1
osmcal.org,1
sessions.bugsnag.com,1
cdn.cookielaw.org,7
d2exd72xrrp1s7.cloudfront.net,1
js-agent.newrelic.com,2
bam.nr-data.net,2
account.komoot.com,1
pp.lp4.io,2
cdn.cquotient.com,2
e.cquotient.com,1
images.internetstores.de,1
s.p7s1.io,1
player.glomex.com,3
eve.p7s1.io,1
ad.71i.de,1
time.akamai.com,1
magellan-api.p7s1.io,1
cmp.p7s1.io,1
c.go-mpulse.net,4
experience.tinypass.com,2
cdn.tinypass.com,2
buy.tinypass.com,2
cdn.cxense.com,3
c2.piano.io,2
ecdn.novomind.com,1
clients1.google.com,1
static.weekli.systems,1
tagrpd.de,1
d.nativendo.de,4
c.nativendo.de,4
static-eu.cleverpush.com,1
schwarzwaelder-bote.weekli.de,1
cdn.taboola.com,3
api.oneplatform.rndtech.de,1
d292syca71gp6a.cloudfront.net,1
account.rnd.de,1
e.infogram.com,1
cdn.jifo.co,1
s.infogram.com,1
branding.jifo.co,1
atlas.jifo.co,1
images.jifo.co,1
buy-eu.piano.io,2
c2-eu.piano.io,2
madsack-prod-cdn.video-api.arcpublishing.com,1
static.rndtech.de,1
powa-ingest-prod-us-east-1.video-player.arcpublishing.com,1
privacy-proxy.usercentrics.eu,5
storage.googleapis.com,4
securepubads.g.doubleclick.net,7
b.delivery.consentmanager.net,2
ced.sascdn.com,2
stats.tu-bs.de,1
cdn.speedcurve.com,2
files.giga-video.de,1
lux.speedcurve.com,1
app.trustami.com,1
cdn.trustami.com,1
siegel.ausgezeichnet.org,1
cdn.dynamicyield.com,1
js-cdn.dynatrace.com,1
st.dynamicyield.com,1
cdn.mateti.net,1
p.cquotient.com,1
r.mateti.net,1
async-px.dynamicyield.com,1
rcom.dynamicyield.com,1
lensingmedia.blob.core.windows.net,1
backoffice.transmatico.com,1
collector.rn.de,1
consentmanager.mgr.consensu.org,3
trmcdn.eu,1
www.linkedin.com,1
p1cluster.cxense.com,1
comcluster.cxense.com,1
id.cxense.com,1
api-v3.tinypass.com,1
cdn.congstar-congo.aoe-aws.com,1
media1.congstar-media.de,1
media2.congstar-media.de,1
www.trustedshops.com,2
usu.congstar.net,1
3xpgeyj8p0.kameleoon.eu,1
dyn.emetriq.de,1
cdn.conversationalsdevelopment.nl,1
congstar-congstar.digitalcx.com,1
d35ojb8dweouoy.cloudfront.net,1
hello.myfonts.net,1
l.ecn-ldr.de,1
img.youtube.com,1
id5-sync.com,1
www.smartadserver.com,1
rum-static.pingdom.net,1
rum-collector-2.pingdom.net,1
www.e-pages.dk,1
experience-eu.piano.io,1
code.piano.io,1
www.iphh.net,1
de.yahoo.com,1
guce.yahoo.com,1
consent.yahoo.com,1
s.yimg.com,1
cdn.idealo.com,1
logging.cmp-resources.link,1
static-eu.payments-amazon.com,1
cdn.findologic.com,1
euc-widget.freshworks.com,1
ts-logo-hubspot.s3.eu-central-1.amazonaws.com,1
shop-public-cdn.mediazs.com,1
shop-adtm-assets.shpp.ext.zooplus.io,1
shop-common-cdn-prod.mediazs.com,1
uxt-components-prod.mediazs.com,1
uxt-cf-images.mediazs.com,1
polyfill.io,5
uxt-components-dev.shpd.mediazs.com,1
leto-personal-prod.samp.ext.zooplus.io,1
searchen-hopps-prod.samp.ext.zooplus.io,1
uxt-background-banner-prod.shpp.ext.zooplus.io,1
uxt-banner-carousel-prod.shpp.ext.zooplus.io,1
uxt-discount-banner-prod.shpp.ext.zooplus.io,1
uxt-side-banner-prod.shpp.ext.zooplus.io,1
uxt-promotional-carousel-prod.shpp.ext.zooplus.io,1
uxt-brand-carousel-prod.shpp.ext.zooplus.io,1
uxt-supplier-financed-middle-banner-prod.shpp.ext.zooplus.io,1
uxt-special-teaser-prod.shpp.ext.zooplus.io,1
uxt-magazine-teaser-prod.shpp.ext.zooplus.io,1
uxt-middle-banner-prod.shpp.ext.zooplus.io,1
uxt-seo-accordion-prod.mediazs.com,1
recommendation-api.prod.zooplus.net,1
uxt-components-prod.shpp.ext.zooplus.io,1
personalization-gdpr.samp.ext.zooplus.io,1
f1-eu.readspeaker.com,2
www.24garten.de,2
www.landtiere.de,2
player-integration.mes.glomex.cloud,2
aqqkowuysp.cloudimg.io,1
hvs.wortundbildverlag.de,1
media.wub-service.de,1
depst-mara-prod1-decisionhub.pegacloud.net,1
web-analytics.uni-muenchen.de,1
cdn.bunchbox.co,2
player.h-cdn.com,1
de-config.sensic.net,3
1a5d87d8900312e7b7d38f5a8d668b4c01c3bfef8d2b755f7df75ea9.trk.sensic.net,1
logs1413.xiti.com,2
5ec79eb5.de.ioam.de,1
zagent29.h-cdn.com,1
z.moatads.com,2
cdn.permutive.app,2
mb.moatads.com,2
px.moatads.com,2
s3.eu-central-1.amazonaws.com,2
static1.bmbfcluster.de,1
cdn.trustedshops.com,1
boell.containers.piwik.pro,1
u.heatmap.it,1
boell.piwik.pro,1
eu5.heatmap.it,1
static.cloudflareinsights.com,1
cdn.s04.de,1
firestore.googleapis.com,1
zn3rbqbel717pvo3i-schalke04.siteintercept.qualtrics.com,1
siteintercept.qualtrics.com,1
player.vimeo.com,1
i.vimeocdn.com,1
f.vimeocdn.com,1
www.hochschule-trier.de,1
img1.wsimg.com,1
paintbrush.heg-cp.com,1
lh3.googleusercontent.com,1
www.ewe.de,1
static.ewe.de,1
data.ewe.de,1
cdn.sitesearch360.com,1
wwa.wipe.de,1
5nlvgyf91g.kameleoon.eu,1
static.l-iw.de,1
tags.tiqcdn.com,4
imagesrv.adition.com,3
gseiten.h5v.eu,1
gs.wwa.wipe.de,1
uim.tifbs.net,1
ldsa.l-iw.de,1
t.uimserv.net,1
eu-api-visit.kameleoon.eu,1
assertcom.de,1
uni-jena.de,1
www.uni-jena.de,1
piwik.rz.uni-jena.de,1
dev.visualwebsiteoptimizer.com,1
www.shopvote.de,1
logs1406.xiti.com,2
b529c657805fcbd8ee9b4aa483a0ec0edeb1bf321db140dfbddaf02d.trk.sensic.net,1
60996119.de.ioam.de,1
www.tagesschau.de,1
www.tu-braunschweig.de,1
www.bundeskanzler.de,1
cdn.ampproject.org,1
at.bahn.de,1
dsum-sec.casalemedia.com,3
ib.adnxs.com,2
s0.2mdn.net,3
googleads4.g.doubleclick.net,2
pixel.everesttech.net,1
d.agkn.com,1
id.rlcdn.com,2
e.dlx.addthis.com,2
ssum-sec.casalemedia.com,2
ag.innovid.com,1
googlecm.hit.gemius.pl,1
cms.quantserve.com,2
odr.mookie1.com,1
rtb.openx.net,2
image6.pubmatic.com,2
pixel.rubiconproject.com,2
static.emsservice.de,1
www.vodafone.de,1
engagement.adalliance.io,1
cookie-cdn.cookiepro.com,2
adfarm1.adition.com,1
cdn.optimizely.com,2
a8443856239.cdn.optimizely.com,1
www.24vita.de,1
js.stripe.com,1
m.stripe.network,1
endpoint-app.cognigy.ai,1
m.stripe.com,1
logs1279.xiti.com,1
d17bd662.de.ioam.de,1
assets.audi.com,1
tms.audi.com,1
featureapps.audi.com,1
mediaservice.audi.com,1
web-api.audi.com,1
content.my.audi.com,1
www.infonline.de,1
www.theepochtimes.com,1
quantcast.mgr.consensu.org,1
secure.quantserve.com,1
test.cmp.quantcast.com,1
cmp.quantcast.com,1
stackpath.bootstrapcdn.com,1
rules.quantcount.com,1
audit-tcfv2.cmp.quantcast.com,1
cdn.ravenjs.com,1
static.olark.com,1
nrpc.olark.com,1
api.olark.com,1
log.olark.com,1
analytics.init.de,1
www.bmw.com,1
bmwag.d3.sc.omtrdc.net,1
p11.techlab-cdn.com,1
skydeutschland.demdex.net,1
s2.go-mpulse.net,1
a2946781464.cdn.optimizely.com,1
players.brightcove.net,1
vjs.zencdn.net,1
edge.api.brightcove.com,1
metrics.brightcove.com,1
static.skyassets.com,1
cf-images.eu-west-1.prod.boltdns.net,1
skyde.inq.com,1
media-eu2.digital.nuance.com,1
a43c5c56.de.ioam.de,1
cdn.nativendo.de,1
widget.perfectmarket.com,2
trc.taboola.com,2
www.br.de,1
img.br.de,1
www.ardalpha.de,1
www.br-klassik.de,1
tm.br.de,1
79423.analytics.edgekey.net,1
scripts.psyma.com,1
58f79fac.de.ioam.de,1
ma140-r.analytics.edgekey.net,1
www.fau.de,1
38998.global.siteimproveanalytics.io,1
www.hosttest.de,2
assets.calendly.com,1
cache.pressmailing.net,1
da880915.de.ioam.de,1
www.newsaktuell.de,1
s7g10.scene7.com,1
dpm.demdex.net,2
zp97jbfxnv.kameleoon.eu,1
squarelovin.com,1
cdn.appdynamics.com,1
www.recaptcha.net,1
accounts.pinterest.com,1
accounts.google.com,1
i.pinimg.com,1
static.xx.fbcdn.net,1
portal.kv-safenet.de,1
fidschi.leonex.de,1
master.dwebcms.db.com,1
www.deutsche-bank.de,1
cdnwmii.e-i.com,1
utopix.net,1
gdpr.privacymanager.io,1
cdn.atf-tagmanager.de,1
gdpr-wrapper.privacymanager.io,1
geo.privacymanager.io,1
cmp-consent-tool.privacymanager.io,1
vendors.privacymanager.io,1
static-nt.weekli.systems,2
static.plenigo.com,1
db78418f.de.ioam.de,1
trmads.eu,2
swp.weekli.de,1
ted.lr-digital.de,1
cls.k5a.io,1
swp-static.s3.eu-central-1.amazonaws.com,1
www.swrfernsehen.de,1
bbfc5fc9.de.ioam.de,1
logs1241.xiti.com,1
www.swr3.de,1
mabping.chartbeat.net,1
www.kit.edu,1
static.scc.kit.edu,1
compliance-pack.carlsberggroup.com,1
api.live.carlsbergwebservices.com,1
cx-media-fe.live.cx-apps.io,1
cdn.matomo.cloud,1
artfiles.matomo.cloud,1
client.crisp.chat,1
stadt-bremerhaven.de,1
i.imgur.com,1
stadtbremerhaven.digidip.net,1
static.digidip.net,1
www.hessenschau.de,1
2cd549da.de.ioam.de,1
e03b76e8bcf06f24bc3a6ab822a1b739a39e544db858f0e8f73a689d.trk.sensic.net,1
interhypprod-media.e-spirit.cloud,1
api.wo-cloud.com,1
images.ctfassets.net,1
radar.wo-cloud.com,1
tiles.wo-cloud.com,1
www.bmwk.de,1
piwik.bzga.de,1
chart.consorsbank.is-teledata.com,1
privacy.trustcommander.net,1
assets.bosch.com,1
btm.bosch.com,1
ro-dyn-backend.bosch.com,1
ads.pubmatic.com,1
c.amazon-adsystem.com,2
sz-gruppe.cloud,1
adn.meinsol.de,1
static-assets.rp-online.de,1
saarbruecker-zeitung.weekli.de,1
c2.taboola.com,1
nr-events.taboola.com,1
am-trc-events.taboola.com,1
pips.taboola.com,1
cds.taboola.com,1
news.h5v.eu,1
www.helmholtz-munich.de,1
www.opteamax.eu,1
www.dwin1.com,1
t.adcell.com,1
static.zanox.com,1
www.usemaxserver.de,1
ad4m.at,1
hal9000.redintelligence.net,1
pixel.mathtag.com,1
track.adform.net,1
5994599.fls.doubleclick.net,1
11868943.fls.doubleclick.net,1
as.ad4m.at,1
r.adserver01.de,1
ad11.adfarm1.adition.com,1
pixel.onaudience.com,1
rtb-csync.smartadserver.com,1
simage2.pubmatic.com,1
a.twiago.com,1
s2.adform.net,1
secure.adnxs.com,1
loada.exelator.com,1
sync.crwdcntrl.net,1
match.adsrvr.org,1
isp-cosimo.de,1
aax.amazon-adsystem.com,1
cdn.delight-vr.com,1
5baf1288cf.dl8.me,1
imasdk.googleapis.com,1
s3.amazonaws.com,1
hgc-cf-cache-1.svonm.com,1
vteam.focus.de,1
cdn.tynt.com,1
sc.tynt.com,1
ic.tynt.com,1
de.tynt.com,1
cdn2.netclusive.de,1
widget.trustpilot.com,1
globalways.net,1
demographics.bf-sugarless-production.aws.bfops.io,1
partners.wfxtriggers.com,1
ssl.google-analytics.com,2
a45332846f6c4fc44e31b9aa350b1055.safeframe.googlesyndication.com,1
d.adtriba.com,1
www.domainprovider.de,1
ccm.domainprovider.de,1
www.etracker.com,1
play.etracker.com,1
cdn.podigee.com,1
st1-de.igstatic.com,1
st3-de.igstatic.com,1
st2-de.igstatic.com,1
player.podigee-cdn.net,1
compass.pressekompass.net,1
ops.iqd-ao.de,1
widgets.opinary.com,1
midgard.pressekompass.net,1
sentry.io,1
api.opinary.com,1
cdn.opinary.com,1
dergradmesser.podigee.io,1
event-acceptor-dot-production-eu-292711.ey.r.appspot.com,1
images.podigee-cdn.net,1
ads.urban-media.com,1
via.batch.com,1
fast-lane.podigee.io,1
tatort-berlin.podigee.io,1
berliner-und-pfannkuchen.podigee.io,1
platform.twitter.com,1
syndication.twitter.com,1
cdn.syndication.twimg.com,1
pbs.twimg.com,1
ton.twimg.com,1
prod.smassets.net,1
cdn.smassets.net,1
1005.3cx.mk.de:5001,1
